state,year,month,date,cdd,hdd
GA,2015,1,2015-01-01,0.0,678.0
GA,2015,2,2015-02-01,0.0,681.0
GA,2015,3,2015-03-01,0.0,276.0
GA,2015,4,2015-04-01,61.0,99.0
GA,2015,5,2015-05-01,233.0,28.0
GA,2015,6,2015-06-01,410.0,0.0
GA,2015,7,2015-07-01,495.0,0.0
GA,2015,8,2015-08-01,424.0,0.0
GA,2015,9,2015-09-01,258.0,18.0
GA,2015,10,2015-10-01,31.0,138.0
GA,2015,11,2015-11-01,20.0,249.0
GA,2015,12,2015-12-01,19.0,286.0
GA,2016,1,2016-01-01,0.0,698.0
GA,2016,2,2016-02-01,0.0,498.0
GA,2016,3,2016-03-01,24.0,235.0
GA,2016,4,2016-04-01,47.0,143.0
GA,2016,5,2016-05-01,187.0,47.0
GA,2016,6,2016-06-01,420.0,0.0
GA,2016,7,2016-07-01,530.0,0.0
GA,2016,8,2016-08-01,492.0,0.0
GA,2016,9,2016-09-01,393.0,2.0
GA,2016,10,2016-10-01,151.0,54.0
GA,2016,11,2016-11-01,15.0,275.0
GA,2016,12,2016-12-01,0.0,493.0
GA,2017,1,2017-01-01,0.0,438.0
GA,2017,2,2017-02-01,0.0,313.0
GA,2017,3,2017-03-01,18.0,324.0
GA,2017,4,2017-04-01,87.0,90.0
GA,2017,5,2017-05-01,202.0,44.0
GA,2017,6,2017-06-01,316.0,0.0
GA,2017,7,2017-07-01,461.0,0.0
GA,2017,8,2017-08-01,407.0,0.0
GA,2017,9,2017-09-01,251.0,21.0
GA,2017,10,2017-10-01,121.0,135.0
GA,2017,11,2017-11-01,11.0,321.0
GA,2017,12,2017-12-01,0.0,558.0
GA,2018,1,2018-01-01,0.0,758.0
GA,2018,2,2018-02-01,17.0,262.0
GA,2018,3,2018-03-01,0.0,352.0
GA,2018,4,2018-04-01,3.0,190.0
GA,2018,5,2018-05-01,271.0,6.0
GA,2018,6,2018-06-01,404.0,0.0
GA,2018,7,2018-07-01,442.0,0.0
GA,2018,8,2018-08-01,414.0,0.0
GA,2018,9,2018-09-01,416.0,0.0
GA,2018,10,2018-10-01,151.0,117.0
GA,2018,11,2018-11-01,2.0,436.0
GA,2018,12,2018-12-01,0.0,523.0
GA,2019,1,2019-01-01,0.0,591.0
GA,2019,2,2019-02-01,3.0,322.0
GA,2019,3,2019-03-01,0.0,351.0
GA,2019,4,2019-04-01,60.0,132.0
GA,2019,5,2019-05-01,304.0,13.0
GA,2019,6,2019-06-01,349.0,1.0
GA,2019,7,2019-07-01,474.0,0.0
GA,2019,8,2019-08-01,460.0,0.0
GA,2019,9,2019-09-01,406.0,0.0
GA,2019,10,2019-10-01,141.0,80.0
GA,2019,11,2019-11-01,0.0,408.0
GA,2019,12,2019-12-01,0.0,448.0
GA,2020,1,2020-01-01,0.0,505.0
GA,2020,2,2020-02-01,0.0,452.0
GA,2020,3,2020-03-01,38.0,204.0
GA,2020,4,2020-04-01,21.0,169.0
GA,2020,5,2020-05-01,166.0,78.0
GA,2020,6,2020-06-01,332.0,5.0
GA,2020,7,2020-07-01,487.0,0.0
GA,2020,8,2020-08-01,449.0,0.0
GA,2020,9,2020-09-01,269.0,30.0
GA,2020,10,2020-10-01,105.0,81.0
GA,2020,11,2020-11-01,31.0,238.0
GA,2020,12,2020-12-01,0.0,604.0
GA,2021,1,2021-01-01,0.0,602.0
GA,2021,2,2021-02-01,0.0,495.0
GA,2021,3,2021-03-01,20.0,251.0
GA,2021,4,2021-04-01,27.0,186.0
GA,2021,5,2021-05-01,163.0,65.0
GA,2021,6,2021-06-01,339.0,2.0
GA,2021,7,2021-07-01,426.0,0.0
GA,2021,8,2021-08-01,437.0,0.0
GA,2021,9,2021-09-01,250.0,14.0
GA,2021,10,2021-10-01,108.0,100.0
GA,2021,11,2021-11-01,0.0,409.0
GA,2021,12,2021-12-01,4.0,338.0
GA,2022,1,2022-01-01,7.0,663.0
GA,2022,2,2022-02-01,2.0,415.0
GA,2022,3,2022-03-01,4.0,281.0
GA,2022,4,2022-04-01,21.0,177.0
GA,2022,5,2022-05-01,232.0,22.0
GA,2022,6,2022-06-01,403.0,0.0
GA,2022,7,2022-07-01,471.0,0.0
GA,2022,8,2022-08-01,408.0,0.0
GA,2022,9,2022-09-01,236.0,29.0
GA,2022,10,2022-10-01,4.0,201.0
GA,2022,11,2022-11-01,19.0,335.0
GA,2022,12,2022-12-01,0.0,591.0
GA,2023,1,2023-01-01,0.0,501.0
GA,2023,2,2023-02-01,16.0,302.0
GA,2023,3,2023-03-01,12.0,315.0
GA,2023,4,2023-04-01,27.0,161.0
GA,2023,5,2023-05-01,157.0,63.0
GA,2023,6,2023-06-01,273.0,2.0
GA,2023,7,2023-07-01,466.0,0.0
GA,2023,8,2023-08-01,454.0,0.0
GA,2023,9,2023-09-01,251.0,8.0
GA,2023,10,2023-10-01,53.0,133.0
GA,2023,11,2023-11-01,0.0,351.0
GA,2023,12,2023-12-01,0.0,530.0
GA,2024,1,2024-01-01,0.0,695.0
GA,2024,2,2024-02-01,0.0,431.0
GA,2024,3,2024-03-01,1.0,272.0
GA,2024,4,2024-04-01,49.0,138.0
GA,2024,5,2024-05-01,230.0,18.0
GA,2024,6,2024-06-01,403.0,1.0
GA,2024,7,2024-07-01,485.0,0.0
GA,2024,8,2024-08-01,439.0,0.0
GA,2024,9,2024-09-01,271.0,4.0
GA,2024,10,2024-10-01,79.0,120.0
GA,2024,11,2024-11-01,30.0,240.0
GA,2024,12,2024-12-01,0.0,566.0
GA,2025,1,2025-01-01,0.0,814.0
GA,2025,2,2025-02-01,0.0,406.0
GA,2025,3,2025-03-01,1.0,297.0
GA,2025,4,2025-04-01,94.0,103.0
GA,2025,5,2025-05-01,198.0,41.0
GA,2025,6,2025-06-01,382.0,1.0
GA,2025,7,2025-07-01,520.0,0.0
GA,2025,8,2025-08-01,356.0,2.0
GA,2025,9,2025-09-01,262.0,2.0
GA,2025,10,2025-10-01,65.0,150.0
GA,2025,11,2025-11-01,4.0,329.0
GA,2025,12,2025-12-01,0.0,563.0
GA,2026,1,2026-01-01,0.0,684.0
GA,2026,2,2026-02-01,3.0,479.0
GA,2026,3,2026-03-01,36.0,206.0
GA,2026,4,2026-04-01,74.0,88.0
IL,2015,1,2015-01-01,0.0,1289.0
IL,2015,2,2015-02-01,0.0,1368.0
IL,2015,3,2015-03-01,0.0,898.0
IL,2015,4,2015-04-01,0.0,401.0
IL,2015,5,2015-05-01,70.0,159.0
IL,2015,6,2015-06-01,157.0,45.0
IL,2015,7,2015-07-01,260.0,24.0
IL,2015,8,2015-08-01,196.0,31.0
IL,2015,9,2015-09-01,160.0,61.0
IL,2015,10,2015-10-01,0.0,328.0
IL,2015,11,2015-11-01,0.0,606.0
IL,2015,12,2015-12-01,0.0,789.0
IL,2016,1,2016-01-01,0.0,1232.0
IL,2016,2,2016-02-01,0.0,972.0
IL,2016,3,2016-03-01,0.0,623.0
IL,2016,4,2016-04-01,3.0,463.0
IL,2016,5,2016-05-01,70.0,204.0
IL,2016,6,2016-06-01,238.0,20.0
IL,2016,7,2016-07-01,322.0,12.0
IL,2016,8,2016-08-01,327.0,3.0
IL,2016,9,2016-09-01,188.0,32.0
IL,2016,10,2016-10-01,35.0,232.0
IL,2016,11,2016-11-01,0.0,550.0
IL,2016,12,2016-12-01,0.0,1188.0
IL,2017,1,2017-01-01,0.0,1096.0
IL,2017,2,2017-02-01,0.0,739.0
IL,2017,3,2017-03-01,0.0,775.0
IL,2017,4,2017-04-01,2.0,338.0
IL,2017,5,2017-05-01,34.0,229.0
IL,2017,6,2017-06-01,223.0,30.0
IL,2017,7,2017-07-01,297.0,5.0
IL,2017,8,2017-08-01,151.0,38.0
IL,2017,9,2017-09-01,143.0,84.0
IL,2017,10,2017-10-01,23.0,295.0
IL,2017,11,2017-11-01,0.0,736.0
IL,2017,12,2017-12-01,0.0,1153.0
IL,2018,1,2018-01-01,0.0,1279.0
IL,2018,2,2018-02-01,0.0,998.0
IL,2018,3,2018-03-01,0.0,762.0
IL,2018,4,2018-04-01,0.0,643.0
IL,2018,5,2018-05-01,106.0,120.0
IL,2018,6,2018-06-01,250.0,15.0
IL,2018,7,2018-07-01,296.0,11.0
IL,2018,8,2018-08-01,294.0,10.0
IL,2018,9,2018-09-01,171.0,78.0
IL,2018,10,2018-10-01,32.0,430.0
IL,2018,11,2018-11-01,0.0,918.0
IL,2018,12,2018-12-01,0.0,980.0
IL,2019,1,2019-01-01,0.0,1312.0
IL,2019,2,2019-02-01,0.0,1072.0
IL,2019,3,2019-03-01,0.0,906.0
IL,2019,4,2019-04-01,0.0,443.0
IL,2019,5,2019-05-01,38.0,215.0
IL,2019,6,2019-06-01,155.0,44.0
IL,2019,7,2019-07-01,379.0,3.0
IL,2019,8,2019-08-01,211.0,19.0
IL,2019,9,2019-09-01,157.0,38.0
IL,2019,10,2019-10-01,19.0,428.0
IL,2019,11,2019-11-01,0.0,893.0
IL,2019,12,2019-12-01,0.0,948.0
IL,2020,1,2020-01-01,0.0,1067.0
IL,2020,2,2020-02-01,0.0,1024.0
IL,2020,3,2020-03-01,0.0,713.0
IL,2020,4,2020-04-01,0.0,509.0
IL,2020,5,2020-05-01,57.0,244.0
IL,2020,6,2020-06-01,252.0,21.0
IL,2020,7,2020-07-01,372.0,0.0
IL,2020,8,2020-08-01,255.0,17.0
IL,2020,9,2020-09-01,58.0,112.0
IL,2020,10,2020-10-01,2.0,451.0
IL,2020,11,2020-11-01,4.0,575.0
IL,2020,12,2020-12-01,0.0,1016.0
IL,2021,1,2021-01-01,0.0,1150.0
IL,2021,2,2021-02-01,0.0,1295.0
IL,2021,3,2021-03-01,0.0,650.0
IL,2021,4,2021-04-01,7.0,407.0
IL,2021,5,2021-05-01,71.0,232.0
IL,2021,6,2021-06-01,270.0,18.0
IL,2021,7,2021-07-01,289.0,11.0
IL,2021,8,2021-08-01,332.0,7.0
IL,2021,9,2021-09-01,148.0,48.0
IL,2021,10,2021-10-01,52.0,240.0
IL,2021,11,2021-11-01,0.0,744.0
IL,2021,12,2021-12-01,0.0,840.0
IL,2022,1,2022-01-01,0.0,1374.0
IL,2022,2,2022-02-01,0.0,1077.0
IL,2022,3,2022-03-01,0.0,749.0
IL,2022,4,2022-04-01,5.0,513.0
IL,2022,5,2022-05-01,123.0,163.0
IL,2022,6,2022-06-01,237.0,26.0
IL,2022,7,2022-07-01,308.0,2.0
IL,2022,8,2022-08-01,255.0,4.0
IL,2022,9,2022-09-01,128.0,103.0
IL,2022,10,2022-10-01,3.0,402.0
IL,2022,11,2022-11-01,0.0,708.0
IL,2022,12,2022-12-01,0.0,1143.0
IL,2023,1,2023-01-01,0.0,1034.0
IL,2023,2,2023-02-01,0.0,888.0
IL,2023,3,2023-03-01,0.0,817.0
IL,2023,4,2023-04-01,6.0,429.0
IL,2023,5,2023-05-01,48.0,149.0
IL,2023,6,2023-06-01,186.0,36.0
IL,2023,7,2023-07-01,302.0,2.0
IL,2023,8,2023-08-01,249.0,18.0
IL,2023,9,2023-09-01,104.0,70.0
IL,2023,10,2023-10-01,32.0,348.0
IL,2023,11,2023-11-01,0.0,715.0
IL,2023,12,2023-12-01,0.0,834.0
IL,2024,1,2024-01-01,0.0,1230.0
IL,2024,2,2024-02-01,0.0,773.0
IL,2024,3,2024-03-01,0.0,642.0
IL,2024,4,2024-04-01,2.0,385.0
IL,2024,5,2024-05-01,60.0,92.0
IL,2024,6,2024-06-01,272.0,22.0
IL,2024,7,2024-07-01,291.0,8.0
IL,2024,8,2024-08-01,264.0,23.0
IL,2024,9,2024-09-01,119.0,56.0
IL,2024,10,2024-10-01,11.0,262.0
IL,2024,11,2024-11-01,0.0,610.0
IL,2024,12,2024-12-01,0.0,1043.0
IL,2025,1,2025-01-01,0.0,1355.0
IL,2025,2,2025-02-01,0.0,1081.0
IL,2025,3,2025-03-01,0.0,645.0
IL,2025,4,2025-04-01,0.0,425.0
IL,2025,5,2025-05-01,26.0,200.0
IL,2025,6,2025-06-01,259.0,28.0
IL,2025,7,2025-07-01,385.0,0.0
IL,2025,8,2025-08-01,245.0,31.0
IL,2025,9,2025-09-01,135.0,57.0
IL,2025,10,2025-10-01,43.0,282.0
IL,2025,11,2025-11-01,0.0,710.0
IL,2025,12,2025-12-01,0.0,1180.0
IL,2026,1,2026-01-01,0.0,1350.0
IL,2026,2,2026-02-01,0.0,922.0
IL,2026,3,2026-03-01,0.0,629.0
IL,2026,4,2026-04-01,18.0,317.0
MD,2015,1,2015-01-01,0.0,1074.0
MD,2015,2,2015-02-01,0.0,1107.0
MD,2015,3,2015-03-01,0.0,803.0
MD,2015,4,2015-04-01,0.0,314.0
MD,2015,5,2015-05-01,163.0,51.0
MD,2015,6,2015-06-01,272.0,15.0
MD,2015,7,2015-07-01,361.0,0.0
MD,2015,8,2015-08-01,302.0,0.0
MD,2015,9,2015-09-01,191.0,4.0
MD,2015,10,2015-10-01,2.0,297.0
MD,2015,11,2015-11-01,4.0,425.0
MD,2015,12,2015-12-01,0.0,511.0
MD,2016,1,2016-01-01,0.0,1028.0
MD,2016,2,2016-02-01,0.0,817.0
MD,2016,3,2016-03-01,0.0,473.0
MD,2016,4,2016-04-01,6.0,352.0
MD,2016,5,2016-05-01,71.0,171.0
MD,2016,6,2016-06-01,245.0,0.0
MD,2016,7,2016-07-01,437.0,0.0
MD,2016,8,2016-08-01,437.0,0.0
MD,2016,9,2016-09-01,249.0,3.0
MD,2016,10,2016-10-01,45.0,151.0
MD,2016,11,2016-11-01,0.0,515.0
MD,2016,12,2016-12-01,0.0,825.0
MD,2017,1,2017-01-01,0.0,813.0
MD,2017,2,2017-02-01,0.0,592.0
MD,2017,3,2017-03-01,0.0,688.0
MD,2017,4,2017-04-01,44.0,186.0
MD,2017,5,2017-05-01,58.0,138.0
MD,2017,6,2017-06-01,265.0,8.0
MD,2017,7,2017-07-01,412.0,0.0
MD,2017,8,2017-08-01,265.0,2.0
MD,2017,9,2017-09-01,147.0,35.0
MD,2017,10,2017-10-01,55.0,157.0
MD,2017,11,2017-11-01,0.0,569.0
MD,2017,12,2017-12-01,0.0,904.0
MD,2018,1,2018-01-01,0.0,1021.0
MD,2018,2,2018-02-01,0.0,651.0
MD,2018,3,2018-03-01,0.0,770.0
MD,2018,4,2018-04-01,0.0,449.0
MD,2018,5,2018-05-01,129.0,20.0
MD,2018,6,2018-06-01,239.0,3.0
MD,2018,7,2018-07-01,378.0,0.0
MD,2018,8,2018-08-01,398.0,0.0
MD,2018,9,2018-09-01,239.0,10.0
MD,2018,10,2018-10-01,93.0,267.0
MD,2018,11,2018-11-01,0.0,651.0
MD,2018,12,2018-12-01,0.0,784.0
MD,2019,1,2019-01-01,0.0,961.0
MD,2019,2,2019-02-01,0.0,773.0
MD,2019,3,2019-03-01,0.0,693.0
MD,2019,4,2019-04-01,7.0,211.0
MD,2019,5,2019-05-01,143.0,52.0
MD,2019,6,2019-06-01,257.0,5.0
MD,2019,7,2019-07-01,451.0,0.0
MD,2019,8,2019-08-01,366.0,0.0
MD,2019,9,2019-09-01,229.0,3.0
MD,2019,10,2019-10-01,49.0,181.0
MD,2019,11,2019-11-01,0.0,663.0
MD,2019,12,2019-12-01,0.0,805.0
MD,2020,1,2020-01-01,0.0,797.0
MD,2020,2,2020-02-01,0.0,705.0
MD,2020,3,2020-03-01,0.0,496.0
MD,2020,4,2020-04-01,0.0,397.0
MD,2020,5,2020-05-01,54.0,185.0
MD,2020,6,2020-06-01,248.0,4.0
MD,2020,7,2020-07-01,473.0,0.0
MD,2020,8,2020-08-01,359.0,0.0
MD,2020,9,2020-09-01,124.0,62.0
MD,2020,10,2020-10-01,6.0,214.0
MD,2020,11,2020-11-01,0.0,421.0
MD,2020,12,2020-12-01,0.0,833.0
MD,2021,1,2021-01-01,0.0,916.0
MD,2021,2,2021-02-01,0.0,867.0
MD,2021,3,2021-03-01,3.0,560.0
MD,2021,4,2021-04-01,13.0,310.0
MD,2021,5,2021-05-01,75.0,148.0
MD,2021,6,2021-06-01,262.0,2.0
MD,2021,7,2021-07-01,392.0,0.0
MD,2021,8,2021-08-01,386.0,0.0
MD,2021,9,2021-09-01,156.0,13.0
MD,2021,10,2021-10-01,42.0,107.0
MD,2021,11,2021-11-01,0.0,601.0
MD,2021,12,2021-12-01,0.0,671.0
MD,2022,1,2022-01-01,0.0,1073.0
MD,2022,2,2022-02-01,0.0,747.0
MD,2022,3,2022-03-01,0.0,576.0
MD,2022,4,2022-04-01,7.0,365.0
MD,2022,5,2022-05-01,94.0,92.0
MD,2022,6,2022-06-01,220.0,0.0
MD,2022,7,2022-07-01,395.0,0.0
MD,2022,8,2022-08-01,374.0,0.0
MD,2022,9,2022-09-01,150.0,43.0
MD,2022,10,2022-10-01,0.0,335.0
MD,2022,11,2022-11-01,7.0,504.0
MD,2022,12,2022-12-01,0.0,898.0
MD,2023,1,2023-01-01,0.0,726.0
MD,2023,2,2023-02-01,0.0,630.0
MD,2023,3,2023-03-01,0.0,639.0
MD,2023,4,2023-04-01,20.0,238.0
MD,2023,5,2023-05-01,7.0,130.0
MD,2023,6,2023-06-01,140.0,6.0
MD,2023,7,2023-07-01,415.0,0.0
MD,2023,8,2023-08-01,307.0,0.0
MD,2023,9,2023-09-01,156.0,39.0
MD,2023,10,2023-10-01,24.0,211.0
MD,2023,11,2023-11-01,0.0,600.0
MD,2023,12,2023-12-01,0.0,724.0
MD,2024,1,2024-01-01,0.0,905.0
MD,2024,2,2024-02-01,0.0,729.0
MD,2024,3,2024-03-01,0.0,538.0
MD,2024,4,2024-04-01,17.0,277.0
MD,2024,5,2024-05-01,97.0,72.0
MD,2024,6,2024-06-01,302.0,0.0
MD,2024,7,2024-07-01,440.0,0.0
MD,2024,8,2024-08-01,314.0,3.0
MD,2024,9,2024-09-01,97.0,14.0
MD,2024,10,2024-10-01,9.0,220.0
MD,2024,11,2024-11-01,7.0,470.0
MD,2024,12,2024-12-01,0.0,872.0
MD,2025,1,2025-01-01,0.0,1132.0
MD,2025,2,2025-02-01,0.0,823.0
MD,2025,3,2025-03-01,7.0,514.0
MD,2025,4,2025-04-01,12.0,272.0
MD,2025,5,2025-05-01,55.0,79.0
MD,2025,6,2025-06-01,288.0,14.0
MD,2025,7,2025-07-01,465.0,0.0
MD,2025,8,2025-08-01,213.0,3.0
MD,2025,9,2025-09-01,124.0,8.0
MD,2025,10,2025-10-01,6.0,258.0
MD,2025,11,2025-11-01,0.0,567.0
MD,2025,12,2025-12-01,0.0,954.0
MD,2026,1,2026-01-01,0.0,1103.0
MD,2026,2,2026-02-01,0.0,901.0
MD,2026,3,2026-03-01,2.0,512.0
MD,2026,4,2026-04-01,44.0,237.0
ME,2015,1,2015-01-01,0.0,1547.0
ME,2015,2,2015-02-01,0.0,1592.0
ME,2015,3,2015-03-01,0.0,1272.0
ME,2015,4,2015-04-01,0.0,742.0
ME,2015,5,2015-05-01,12.0,272.0
ME,2015,6,2015-06-01,10.0,198.0
ME,2015,7,2015-07-01,122.0,31.0
ME,2015,8,2015-08-01,112.0,4.0
ME,2015,9,2015-09-01,57.0,112.0
ME,2015,10,2015-10-01,0.0,612.0
ME,2015,11,2015-11-01,0.0,790.0
ME,2015,12,2015-12-01,0.0,975.0
ME,2016,1,2016-01-01,0.0,1299.0
ME,2016,2,2016-02-01,0.0,1151.0
ME,2016,3,2016-03-01,0.0,1011.0
ME,2016,4,2016-04-01,0.0,738.0
ME,2016,5,2016-05-01,3.0,338.0
ME,2016,6,2016-06-01,16.0,122.0
ME,2016,7,2016-07-01,170.0,27.0
ME,2016,8,2016-08-01,123.0,2.0
ME,2016,9,2016-09-01,38.0,112.0
ME,2016,10,2016-10-01,0.0,464.0
ME,2016,11,2016-11-01,0.0,769.0
ME,2016,12,2016-12-01,0.0,1278.0
ME,2017,1,2017-01-01,0.0,1243.0
ME,2017,2,2017-02-01,0.0,1152.0
ME,2017,3,2017-03-01,0.0,1217.0
ME,2017,4,2017-04-01,0.0,627.0
ME,2017,5,2017-05-01,9.0,401.0
ME,2017,6,2017-06-01,39.0,120.0
ME,2017,7,2017-07-01,128.0,25.0
ME,2017,8,2017-08-01,60.0,57.0
ME,2017,9,2017-09-01,38.0,102.0
ME,2017,10,2017-10-01,0.0,355.0
ME,2017,11,2017-11-01,0.0,881.0
ME,2017,12,2017-12-01,0.0,1413.0
ME,2018,1,2018-01-01,0.0,1448.0
ME,2018,2,2018-02-01,0.0,1103.0
ME,2018,3,2018-03-01,0.0,1015.0
ME,2018,4,2018-04-01,0.0,789.0
ME,2018,5,2018-05-01,3.0,332.0
ME,2018,6,2018-06-01,22.0,159.0
ME,2018,7,2018-07-01,191.0,9.0
ME,2018,8,2018-08-01,156.0,9.0
ME,2018,9,2018-09-01,43.0,185.0
ME,2018,10,2018-10-01,0.0,647.0
ME,2018,11,2018-11-01,0.0,991.0
ME,2018,12,2018-12-01,0.0,1285.0
ME,2019,1,2019-01-01,0.0,1451.0
ME,2019,2,2019-02-01,0.0,1276.0
ME,2019,3,2019-03-01,0.0,1168.0
ME,2019,4,2019-04-01,0.0,718.0
ME,2019,5,2019-05-01,0.0,471.0
ME,2019,6,2019-06-01,6.0,139.0
ME,2019,7,2019-07-01,188.0,1.0
ME,2019,8,2019-08-01,63.0,30.0
ME,2019,9,2019-09-01,3.0,202.0
ME,2019,10,2019-10-01,0.0,504.0
ME,2019,11,2019-11-01,0.0,963.0
ME,2019,12,2019-12-01,0.0,1190.0
ME,2020,1,2020-01-01,0.0,1261.0
ME,2020,2,2020-02-01,0.0,1184.0
ME,2020,3,2020-03-01,0.0,987.0
ME,2020,4,2020-04-01,0.0,737.0
ME,2020,5,2020-05-01,20.0,386.0
ME,2020,6,2020-06-01,60.0,100.0
ME,2020,7,2020-07-01,189.0,16.0
ME,2020,8,2020-08-01,122.0,37.0
ME,2020,9,2020-09-01,19.0,184.0
ME,2020,10,2020-10-01,0.0,539.0
ME,2020,11,2020-11-01,0.0,740.0
ME,2020,12,2020-12-01,0.0,1095.0
ME,2021,1,2021-01-01,0.0,1250.0
ME,2021,2,2021-02-01,0.0,1211.0
ME,2021,3,2021-03-01,0.0,1019.0
ME,2021,4,2021-04-01,0.0,599.0
ME,2021,5,2021-05-01,6.0,341.0
ME,2021,6,2021-06-01,108.0,67.0
ME,2021,7,2021-07-01,101.0,56.0
ME,2021,8,2021-08-01,148.0,20.0
ME,2021,9,2021-09-01,7.0,128.0
ME,2021,10,2021-10-01,0.0,414.0
ME,2021,11,2021-11-01,0.0,821.0
ME,2021,12,2021-12-01,0.0,1159.0
ME,2022,1,2022-01-01,0.0,1531.0
ME,2022,2,2022-02-01,0.0,1190.0
ME,2022,3,2022-03-01,0.0,1015.0
ME,2022,4,2022-04-01,0.0,665.0
ME,2022,5,2022-05-01,8.0,311.0
ME,2022,6,2022-06-01,14.0,135.0
ME,2022,7,2022-07-01,179.0,10.0
ME,2022,8,2022-08-01,124.0,9.0
ME,2022,9,2022-09-01,16.0,188.0
ME,2022,10,2022-10-01,0.0,428.0
ME,2022,11,2022-11-01,0.0,748.0
ME,2022,12,2022-12-01,0.0,1082.0
ME,2023,1,2023-01-01,0.0,1167.0
ME,2023,2,2023-02-01,0.0,1214.0
ME,2023,3,2023-03-01,0.0,984.0
ME,2023,4,2023-04-01,0.0,628.0
ME,2023,5,2023-05-01,4.0,353.0
ME,2023,6,2023-06-01,24.0,150.0
ME,2023,7,2023-07-01,209.0,0.0
ME,2023,8,2023-08-01,43.0,23.0
ME,2023,9,2023-09-01,54.0,115.0
ME,2023,10,2023-10-01,0.0,371.0
ME,2023,11,2023-11-01,0.0,912.0
ME,2023,12,2023-12-01,0.0,1038.0
ME,2024,1,2024-01-01,0.0,1281.0
ME,2024,2,2024-02-01,0.0,1112.0
ME,2024,3,2024-03-01,0.0,931.0
ME,2024,4,2024-04-01,0.0,664.0
ME,2024,5,2024-05-01,7.0,278.0
ME,2024,6,2024-06-01,65.0,61.0
ME,2024,7,2024-07-01,209.0,0.0
ME,2024,8,2024-08-01,87.0,18.0
ME,2024,9,2024-09-01,13.0,126.0
ME,2024,10,2024-10-01,0.0,473.0
ME,2024,11,2024-11-01,0.0,733.0
ME,2024,12,2024-12-01,0.0,1205.0
ME,2025,1,2025-01-01,0.0,1410.0
ME,2025,2,2025-02-01,0.0,1286.0
ME,2025,3,2025-03-01,0.0,1007.0
ME,2025,4,2025-04-01,0.0,677.0
ME,2025,5,2025-05-01,0.0,358.0
ME,2025,6,2025-06-01,48.0,107.0
ME,2025,7,2025-07-01,178.0,4.0
ME,2025,8,2025-08-01,90.0,45.0
ME,2025,9,2025-09-01,4.0,152.0
ME,2025,10,2025-10-01,1.0,469.0
ME,2025,11,2025-11-01,0.0,859.0
ME,2025,12,2025-12-01,0.0,1382.0
ME,2026,1,2026-01-01,0.0,1482.0
ME,2026,2,2026-02-01,0.0,1264.0
ME,2026,3,2026-03-01,0.0,1030.0
ME,2026,4,2026-04-01,0.0,679.0
NC,2015,1,2015-01-01,0.0,772.0
NC,2015,2,2015-02-01,0.0,819.0
NC,2015,3,2015-03-01,0.0,412.0
NC,2015,4,2015-04-01,31.0,179.0
NC,2015,5,2015-05-01,208.0,45.0
NC,2015,6,2015-06-01,397.0,5.0
NC,2015,7,2015-07-01,442.0,0.0
NC,2015,8,2015-08-01,356.0,0.0
NC,2015,9,2015-09-01,242.0,30.0
NC,2015,10,2015-10-01,8.0,200.0
NC,2015,11,2015-11-01,8.0,333.0
NC,2015,12,2015-12-01,10.0,344.0
NC,2016,1,2016-01-01,0.0,816.0
NC,2016,2,2016-02-01,0.0,632.0
NC,2016,3,2016-03-01,12.0,305.0
NC,2016,4,2016-04-01,28.0,219.0
NC,2016,5,2016-05-01,131.0,85.0
NC,2016,6,2016-06-01,330.0,3.0
NC,2016,7,2016-07-01,483.0,0.0
NC,2016,8,2016-08-01,471.0,0.0
NC,2016,9,2016-09-01,344.0,0.0
NC,2016,10,2016-10-01,85.0,99.0
NC,2016,11,2016-11-01,3.0,396.0
NC,2016,12,2016-12-01,0.0,654.0
NC,2017,1,2017-01-01,0.0,604.0
NC,2017,2,2017-02-01,0.0,395.0
NC,2017,3,2017-03-01,1.0,467.0
NC,2017,4,2017-04-01,70.0,129.0
NC,2017,5,2017-05-01,164.0,71.0
NC,2017,6,2017-06-01,281.0,10.0
NC,2017,7,2017-07-01,443.0,0.0
NC,2017,8,2017-08-01,349.0,3.0
NC,2017,9,2017-09-01,205.0,31.0
NC,2017,10,2017-10-01,74.0,171.0
NC,2017,11,2017-11-01,0.0,458.0
NC,2017,12,2017-12-01,0.0,704.0
NC,2018,1,2018-01-01,0.0,891.0
NC,2018,2,2018-02-01,6.0,384.0
NC,2018,3,2018-03-01,0.0,543.0
NC,2018,4,2018-04-01,2.0,275.0
NC,2018,5,2018-05-01,252.0,13.0
NC,2018,6,2018-06-01,370.0,3.0
NC,2018,7,2018-07-01,391.0,0.0
NC,2018,8,2018-08-01,388.0,1.0
NC,2018,9,2018-09-01,335.0,1.0
NC,2018,10,2018-10-01,111.0,200.0
NC,2018,11,2018-11-01,0.0,520.0
NC,2018,12,2018-12-01,0.0,623.0
NC,2019,1,2019-01-01,0.0,704.0
NC,2019,2,2019-02-01,0.0,483.0
NC,2019,3,2019-03-01,0.0,509.0
NC,2019,4,2019-04-01,30.0,181.0
NC,2019,5,2019-05-01,259.0,28.0
NC,2019,6,2019-06-01,291.0,11.0
NC,2019,7,2019-07-01,451.0,0.0
NC,2019,8,2019-08-01,383.0,3.0
NC,2019,9,2019-09-01,318.0,7.0
NC,2019,10,2019-10-01,84.0,132.0
NC,2019,11,2019-11-01,0.0,531.0
NC,2019,12,2019-12-01,0.0,576.0
NC,2020,1,2020-01-01,0.0,589.0
NC,2020,2,2020-02-01,0.0,514.0
NC,2020,3,2020-03-01,25.0,308.0
NC,2020,4,2020-04-01,11.0,236.0
NC,2020,5,2020-05-01,116.0,140.0
NC,2020,6,2020-06-01,293.0,18.0
NC,2020,7,2020-07-01,479.0,0.0
NC,2020,8,2020-08-01,409.0,0.0
NC,2020,9,2020-09-01,209.0,56.0
NC,2020,10,2020-10-01,39.0,134.0
NC,2020,11,2020-11-01,9.0,317.0
NC,2020,12,2020-12-01,0.0,693.0
NC,2021,1,2021-01-01,0.0,741.0
NC,2021,2,2021-02-01,0.0,634.0
NC,2021,3,2021-03-01,5.0,378.0
NC,2021,4,2021-04-01,25.0,233.0
NC,2021,5,2021-05-01,142.0,110.0
NC,2021,6,2021-06-01,301.0,10.0
NC,2021,7,2021-07-01,396.0,0.0
NC,2021,8,2021-08-01,416.0,0.0
NC,2021,9,2021-09-01,218.0,29.0
NC,2021,10,2021-10-01,77.0,116.0
NC,2021,11,2021-11-01,0.0,505.0
NC,2021,12,2021-12-01,0.0,443.0
NC,2022,1,2022-01-01,2.0,808.0
NC,2022,2,2022-02-01,0.0,533.0
NC,2022,3,2022-03-01,3.0,365.0
NC,2022,4,2022-04-01,25.0,221.0
NC,2022,5,2022-05-01,195.0,54.0
NC,2022,6,2022-06-01,332.0,6.0
NC,2022,7,2022-07-01,458.0,0.0
NC,2022,8,2022-08-01,372.0,1.0
NC,2022,9,2022-09-01,211.0,42.0
NC,2022,10,2022-10-01,0.0,247.0
NC,2022,11,2022-11-01,13.0,394.0
NC,2022,12,2022-12-01,0.0,748.0
NC,2023,1,2023-01-01,0.0,599.0
NC,2023,2,2023-02-01,0.0,409.0
NC,2023,3,2023-03-01,3.0,430.0
NC,2023,4,2023-04-01,19.0,197.0
NC,2023,5,2023-05-01,104.0,114.0
NC,2023,6,2023-06-01,215.0,22.0
NC,2023,7,2023-07-01,443.0,0.0
NC,2023,8,2023-08-01,393.0,1.0
NC,2023,9,2023-09-01,221.0,38.0
NC,2023,10,2023-10-01,29.0,186.0
NC,2023,11,2023-11-01,0.0,460.0
NC,2023,12,2023-12-01,0.0,611.0
NC,2024,1,2024-01-01,1.0,747.0
NC,2024,2,2024-02-01,0.0,544.0
NC,2024,3,2024-03-01,0.0,357.0
NC,2024,4,2024-04-01,34.0,183.0
NC,2024,5,2024-05-01,187.0,38.0
NC,2024,6,2024-06-01,356.0,5.0
NC,2024,7,2024-07-01,454.0,0.0
NC,2024,8,2024-08-01,369.0,7.0
NC,2024,9,2024-09-01,212.0,22.0
NC,2024,10,2024-10-01,45.0,180.0
NC,2024,11,2024-11-01,13.0,349.0
NC,2024,12,2024-12-01,0.0,685.0
NC,2025,1,2025-01-01,0.0,929.0
NC,2025,2,2025-02-01,0.0,554.0
NC,2025,3,2025-03-01,5.0,369.0
NC,2025,4,2025-04-01,70.0,153.0
NC,2025,5,2025-05-01,152.0,65.0
NC,2025,6,2025-06-01,381.0,7.0
NC,2025,7,2025-07-01,495.0,0.0
NC,2025,8,2025-08-01,297.0,8.0
NC,2025,9,2025-09-01,198.0,27.0
NC,2025,10,2025-10-01,20.0,210.0
NC,2025,11,2025-11-01,0.0,428.0
NC,2025,12,2025-12-01,0.0,725.0
NC,2026,1,2026-01-01,0.0,840.0
NC,2026,2,2026-02-01,0.0,662.0
NC,2026,3,2026-03-01,19.0,311.0
NC,2026,4,2026-04-01,64.0,137.0
NJ,2015,1,2015-01-01,0.0,1180.0
NJ,2015,2,2015-02-01,0.0,1228.0
NJ,2015,3,2015-03-01,0.0,933.0
NJ,2015,4,2015-04-01,0.0,416.0
NJ,2015,5,2015-05-01,105.0,80.0
NJ,2015,6,2015-06-01,176.0,33.0
NJ,2015,7,2015-07-01,305.0,0.0
NJ,2015,8,2015-08-01,266.0,0.0
NJ,2015,9,2015-09-01,161.0,14.0
NJ,2015,10,2015-10-01,0.0,354.0
NJ,2015,11,2015-11-01,0.0,486.0
NJ,2015,12,2015-12-01,0.0,558.0
NJ,2016,1,2016-01-01,0.0,1061.0
NJ,2016,2,2016-02-01,0.0,869.0
NJ,2016,3,2016-03-01,0.0,581.0
NJ,2016,4,2016-04-01,0.0,441.0
NJ,2016,5,2016-05-01,62.0,220.0
NJ,2016,6,2016-06-01,163.0,8.0
NJ,2016,7,2016-07-01,356.0,0.0
NJ,2016,8,2016-08-01,363.0,0.0
NJ,2016,9,2016-09-01,184.0,16.0
NJ,2016,10,2016-10-01,20.0,226.0
NJ,2016,11,2016-11-01,0.0,567.0
NJ,2016,12,2016-12-01,0.0,912.0
NJ,2017,1,2017-01-01,0.0,916.0
NJ,2017,2,2017-02-01,0.0,714.0
NJ,2017,3,2017-03-01,0.0,844.0
NJ,2017,4,2017-04-01,14.0,293.0
NJ,2017,5,2017-05-01,31.0,199.0
NJ,2017,6,2017-06-01,176.0,32.0
NJ,2017,7,2017-07-01,315.0,0.0
NJ,2017,8,2017-08-01,191.0,6.0
NJ,2017,9,2017-09-01,127.0,50.0
NJ,2017,10,2017-10-01,39.0,197.0
NJ,2017,11,2017-11-01,0.0,646.0
NJ,2017,12,2017-12-01,0.0,1020.0
NJ,2018,1,2018-01-01,0.0,1142.0
NJ,2018,2,2018-02-01,0.0,749.0
NJ,2018,3,2018-03-01,0.0,833.0
NJ,2018,4,2018-04-01,0.0,567.0
NJ,2018,5,2018-05-01,57.0,101.0
NJ,2018,6,2018-06-01,154.0,16.0
NJ,2018,7,2018-07-01,331.0,0.0
NJ,2018,8,2018-08-01,347.0,0.0
NJ,2018,9,2018-09-01,161.0,29.0
NJ,2018,10,2018-10-01,40.0,329.0
NJ,2018,11,2018-11-01,0.0,706.0
NJ,2018,12,2018-12-01,0.0,860.0
NJ,2019,1,2019-01-01,0.0,1064.0
NJ,2019,2,2019-02-01,0.0,880.0
NJ,2019,3,2019-03-01,0.0,822.0
NJ,2019,4,2019-04-01,0.0,326.0
NJ,2019,5,2019-05-01,41.0,133.0
NJ,2019,6,2019-06-01,159.0,20.0
NJ,2019,7,2019-07-01,380.0,0.0
NJ,2019,8,2019-08-01,267.0,0.0
NJ,2019,9,2019-09-01,107.0,21.0
NJ,2019,10,2019-10-01,20.0,252.0
NJ,2019,11,2019-11-01,0.0,734.0
NJ,2019,12,2019-12-01,0.0,911.0
NJ,2020,1,2020-01-01,0.0,885.0
NJ,2020,2,2020-02-01,0.0,786.0
NJ,2020,3,2020-03-01,0.0,610.0
NJ,2020,4,2020-04-01,0.0,495.0
NJ,2020,5,2020-05-01,35.0,217.0
NJ,2020,6,2020-06-01,196.0,18.0
NJ,2020,7,2020-07-01,409.0,0.0
NJ,2020,8,2020-08-01,310.0,0.0
NJ,2020,9,2020-09-01,103.0,69.0
NJ,2020,10,2020-10-01,1.0,266.0
NJ,2020,11,2020-11-01,0.0,481.0
NJ,2020,12,2020-12-01,0.0,886.0
NJ,2021,1,2021-01-01,0.0,996.0
NJ,2021,2,2021-02-01,0.0,944.0
NJ,2021,3,2021-03-01,1.0,676.0
NJ,2021,4,2021-04-01,4.0,384.0
NJ,2021,5,2021-05-01,45.0,183.0
NJ,2021,6,2021-06-01,212.0,10.0
NJ,2021,7,2021-07-01,321.0,0.0
NJ,2021,8,2021-08-01,328.0,0.0
NJ,2021,9,2021-09-01,112.0,21.0
NJ,2021,10,2021-10-01,16.0,153.0
NJ,2021,11,2021-11-01,0.0,652.0
NJ,2021,12,2021-12-01,0.0,751.0
NJ,2022,1,2022-01-01,0.0,1154.0
NJ,2022,2,2022-02-01,0.0,855.0
NJ,2022,3,2022-03-01,0.0,674.0
NJ,2022,4,2022-04-01,3.0,432.0
NJ,2022,5,2022-05-01,63.0,125.0
NJ,2022,6,2022-06-01,132.0,5.0
NJ,2022,7,2022-07-01,364.0,0.0
NJ,2022,8,2022-08-01,351.0,0.0
NJ,2022,9,2022-09-01,108.0,56.0
NJ,2022,10,2022-10-01,0.0,353.0
NJ,2022,11,2022-11-01,5.0,552.0
NJ,2022,12,2022-12-01,0.0,939.0
NJ,2023,1,2023-01-01,0.0,781.0
NJ,2023,2,2023-02-01,0.0,759.0
NJ,2023,3,2023-03-01,0.0,729.0
NJ,2023,4,2023-04-01,15.0,317.0
NJ,2023,5,2023-05-01,7.0,185.0
NJ,2023,6,2023-06-01,94.0,27.0
NJ,2023,7,2023-07-01,354.0,0.0
NJ,2023,8,2023-08-01,231.0,0.0
NJ,2023,9,2023-09-01,129.0,64.0
NJ,2023,10,2023-10-01,16.0,235.0
NJ,2023,11,2023-11-01,0.0,667.0
NJ,2023,12,2023-12-01,0.0,760.0
NJ,2024,1,2024-01-01,0.0,970.0
NJ,2024,2,2024-02-01,0.0,831.0
NJ,2024,3,2024-03-01,0.0,612.0
NJ,2024,4,2024-04-01,4.0,383.0
NJ,2024,5,2024-05-01,64.0,117.0
NJ,2024,6,2024-06-01,235.0,2.0
NJ,2024,7,2024-07-01,374.0,0.0
NJ,2024,8,2024-08-01,253.0,4.0
NJ,2024,9,2024-09-01,62.0,27.0
NJ,2024,10,2024-10-01,0.0,247.0
NJ,2024,11,2024-11-01,2.0,522.0
NJ,2024,12,2024-12-01,0.0,961.0
NJ,2025,1,2025-01-01,0.0,1169.0
NJ,2025,2,2025-02-01,0.0,911.0
NJ,2025,3,2025-03-01,0.0,618.0
NJ,2025,4,2025-04-01,1.0,367.0
NJ,2025,5,2025-05-01,21.0,128.0
NJ,2025,6,2025-06-01,221.0,25.0
NJ,2025,7,2025-07-01,399.0,0.0
NJ,2025,8,2025-08-01,177.0,6.0
NJ,2025,9,2025-09-01,93.0,16.0
NJ,2025,10,2025-10-01,7.0,302.0
NJ,2025,11,2025-11-01,0.0,634.0
NJ,2025,12,2025-12-01,0.0,1062.0
NJ,2026,1,2026-01-01,0.0,1192.0
NJ,2026,2,2026-02-01,0.0,1020.0
NJ,2026,3,2026-03-01,0.0,656.0
NJ,2026,4,2026-04-01,31.0,364.0
OH,2015,1,2015-01-01,0.0,1240.0
OH,2015,2,2015-02-01,0.0,1330.0
OH,2015,3,2015-03-01,0.0,892.0
OH,2015,4,2015-04-01,0.0,407.0
OH,2015,5,2015-05-01,112.0,117.0
OH,2015,6,2015-06-01,178.0,45.0
OH,2015,7,2015-07-01,241.0,21.0
OH,2015,8,2015-08-01,177.0,35.0
OH,2015,9,2015-09-01,139.0,66.0
OH,2015,10,2015-10-01,0.0,340.0
OH,2015,11,2015-11-01,0.0,523.0
OH,2015,12,2015-12-01,0.0,645.0
OH,2016,1,2016-01-01,0.0,1134.0
OH,2016,2,2016-02-01,0.0,910.0
OH,2016,3,2016-03-01,0.0,580.0
OH,2016,4,2016-04-01,0.0,456.0
OH,2016,5,2016-05-01,57.0,218.0
OH,2016,6,2016-06-01,205.0,25.0
OH,2016,7,2016-07-01,325.0,9.0
OH,2016,8,2016-08-01,338.0,1.0
OH,2016,9,2016-09-01,184.0,31.0
OH,2016,10,2016-10-01,34.0,227.0
OH,2016,11,2016-11-01,1.0,553.0
OH,2016,12,2016-12-01,0.0,1036.0
OH,2017,1,2017-01-01,0.0,931.0
OH,2017,2,2017-02-01,0.0,675.0
OH,2017,3,2017-03-01,0.0,766.0
OH,2017,4,2017-04-01,14.0,274.0
OH,2017,5,2017-05-01,40.0,211.0
OH,2017,6,2017-06-01,180.0,45.0
OH,2017,7,2017-07-01,272.0,9.0
OH,2017,8,2017-08-01,160.0,41.0
OH,2017,9,2017-09-01,114.0,96.0
OH,2017,10,2017-10-01,25.0,281.0
OH,2017,11,2017-11-01,0.0,669.0
OH,2017,12,2017-12-01,0.0,1096.0
OH,2018,1,2018-01-01,0.0,1201.0
OH,2018,2,2018-02-01,0.0,797.0
OH,2018,3,2018-03-01,0.0,834.0
OH,2018,4,2018-04-01,0.0,580.0
OH,2018,5,2018-05-01,99.0,81.0
OH,2018,6,2018-06-01,212.0,23.0
OH,2018,7,2018-07-01,294.0,6.0
OH,2018,8,2018-08-01,287.0,7.0
OH,2018,9,2018-09-01,189.0,61.0
OH,2018,10,2018-10-01,67.0,380.0
OH,2018,11,2018-11-01,0.0,813.0
OH,2018,12,2018-12-01,0.0,890.0
OH,2019,1,2019-01-01,0.0,1150.0
OH,2019,2,2019-02-01,0.0,874.0
OH,2019,3,2019-03-01,0.0,868.0
OH,2019,4,2019-04-01,1.0,371.0
OH,2019,5,2019-05-01,68.0,148.0
OH,2019,6,2019-06-01,151.0,51.0
OH,2019,7,2019-07-01,361.0,4.0
OH,2019,8,2019-08-01,227.0,18.0
OH,2019,9,2019-09-01,170.0,32.0
OH,2019,10,2019-10-01,34.0,294.0
OH,2019,11,2019-11-01,0.0,803.0
OH,2019,12,2019-12-01,0.0,865.0
OH,2020,1,2020-01-01,0.0,911.0
OH,2020,2,2020-02-01,0.0,917.0
OH,2020,3,2020-03-01,0.0,617.0
OH,2020,4,2020-04-01,0.0,515.0
OH,2020,5,2020-05-01,60.0,259.0
OH,2020,6,2020-06-01,196.0,33.0
OH,2020,7,2020-07-01,377.0,0.0
OH,2020,8,2020-08-01,234.0,19.0
OH,2020,9,2020-09-01,84.0,114.0
OH,2020,10,2020-10-01,4.0,364.0
OH,2020,11,2020-11-01,0.0,537.0
OH,2020,12,2020-12-01,0.0,944.0
OH,2021,1,2021-01-01,0.0,1035.0
OH,2021,2,2021-02-01,0.0,1093.0
OH,2021,3,2021-03-01,0.0,623.0
OH,2021,4,2021-04-01,5.0,423.0
OH,2021,5,2021-05-01,62.0,250.0
OH,2021,6,2021-06-01,228.0,31.0
OH,2021,7,2021-07-01,274.0,13.0
OH,2021,8,2021-08-01,309.0,8.0
OH,2021,9,2021-09-01,109.0,72.0
OH,2021,10,2021-10-01,55.0,205.0
OH,2021,11,2021-11-01,0.0,720.0
OH,2021,12,2021-12-01,0.0,735.0
OH,2022,1,2022-01-01,0.0,1244.0
OH,2022,2,2022-02-01,0.0,942.0
OH,2022,3,2022-03-01,0.0,672.0
OH,2022,4,2022-04-01,9.0,493.0
OH,2022,5,2022-05-01,73.0,130.0
OH,2022,6,2022-06-01,172.0,45.0
OH,2022,7,2022-07-01,277.0,4.0
OH,2022,8,2022-08-01,227.0,14.0
OH,2022,9,2022-09-01,95.0,109.0
OH,2022,10,2022-10-01,0.0,405.0
OH,2022,11,2022-11-01,0.0,640.0
OH,2022,12,2022-12-01,0.0,1001.0
OH,2023,1,2023-01-01,0.0,891.0
OH,2023,2,2023-02-01,0.0,759.0
OH,2023,3,2023-03-01,0.0,777.0
OH,2023,4,2023-04-01,1.0,406.0
OH,2023,5,2023-05-01,17.0,220.0
OH,2023,6,2023-06-01,86.0,73.0
OH,2023,7,2023-07-01,264.0,2.0
OH,2023,8,2023-08-01,174.0,24.0
OH,2023,9,2023-09-01,52.0,97.0
OH,2023,10,2023-10-01,5.0,345.0
OH,2023,11,2023-11-01,0.0,685.0
OH,2023,12,2023-12-01,0.0,847.0
OH,2024,1,2024-01-01,0.0,1093.0
OH,2024,2,2024-02-01,0.0,773.0
OH,2024,3,2024-03-01,0.0,641.0
OH,2024,4,2024-04-01,10.0,347.0
OH,2024,5,2024-05-01,67.0,104.0
OH,2024,6,2024-06-01,203.0,35.0
OH,2024,7,2024-07-01,275.0,10.0
OH,2024,8,2024-08-01,235.0,28.0
OH,2024,9,2024-09-01,109.0,55.0
OH,2024,10,2024-10-01,10.0,299.0
OH,2024,11,2024-11-01,3.0,557.0
OH,2024,12,2024-12-01,0.0,935.0
OH,2025,1,2025-01-01,0.0,1309.0
OH,2025,2,2025-02-01,0.0,985.0
OH,2025,3,2025-03-01,0.0,637.0
OH,2025,4,2025-04-01,0.0,414.0
OH,2025,5,2025-05-01,15.0,216.0
OH,2025,6,2025-06-01,242.0,30.0
OH,2025,7,2025-07-01,344.0,2.0
OH,2025,8,2025-08-01,196.0,45.0
OH,2025,9,2025-09-01,79.0,77.0
OH,2025,10,2025-10-01,9.0,336.0
OH,2025,11,2025-11-01,0.0,712.0
OH,2025,12,2025-12-01,0.0,1095.0
OH,2026,1,2026-01-01,0.0,1295.0
OH,2026,2,2026-02-01,0.0,996.0
OH,2026,3,2026-03-01,1.0,598.0
OH,2026,4,2026-04-01,18.0,290.0
PA,2015,1,2015-01-01,0.0,1227.0
PA,2015,2,2015-02-01,0.0,1281.0
PA,2015,3,2015-03-01,0.0,958.0
PA,2015,4,2015-04-01,0.0,432.0
PA,2015,5,2015-05-01,107.0,110.0
PA,2015,6,2015-06-01,159.0,51.0
PA,2015,7,2015-07-01,263.0,13.0
PA,2015,8,2015-08-01,197.0,24.0
PA,2015,9,2015-09-01,130.0,66.0
PA,2015,10,2015-10-01,0.0,394.0
PA,2015,11,2015-11-01,0.0,527.0
PA,2015,12,2015-12-01,0.0,632.0
PA,2016,1,2016-01-01,0.0,1146.0
PA,2016,2,2016-02-01,0.0,929.0
PA,2016,3,2016-03-01,0.0,603.0
PA,2016,4,2016-04-01,0.0,473.0
PA,2016,5,2016-05-01,55.0,239.0
PA,2016,6,2016-06-01,161.0,32.0
PA,2016,7,2016-07-01,331.0,7.0
PA,2016,8,2016-08-01,337.0,1.0
PA,2016,9,2016-09-01,168.0,42.0
PA,2016,10,2016-10-01,15.0,263.0
PA,2016,11,2016-11-01,0.0,605.0
PA,2016,12,2016-12-01,0.0,968.0
PA,2017,1,2017-01-01,0.0,954.0
PA,2017,2,2017-02-01,0.0,724.0
PA,2017,3,2017-03-01,0.0,854.0
PA,2017,4,2017-04-01,9.0,298.0
PA,2017,5,2017-05-01,29.0,231.0
PA,2017,6,2017-06-01,159.0,55.0
PA,2017,7,2017-07-01,291.0,7.0
PA,2017,8,2017-08-01,153.0,44.0
PA,2017,9,2017-09-01,100.0,98.0
PA,2017,10,2017-10-01,30.0,256.0
PA,2017,11,2017-11-01,0.0,701.0
PA,2017,12,2017-12-01,0.0,1073.0
PA,2018,1,2018-01-01,0.0,1204.0
PA,2018,2,2018-02-01,0.0,789.0
PA,2018,3,2018-03-01,0.0,896.0
PA,2018,4,2018-04-01,0.0,598.0
PA,2018,5,2018-05-01,65.0,111.0
PA,2018,6,2018-06-01,144.0,52.0
PA,2018,7,2018-07-01,295.0,9.0
PA,2018,8,2018-08-01,295.0,8.0
PA,2018,9,2018-09-01,155.0,67.0
PA,2018,10,2018-10-01,44.0,375.0
PA,2018,11,2018-11-01,0.0,781.0
PA,2018,12,2018-12-01,0.0,898.0
PA,2019,1,2019-01-01,0.0,1120.0
PA,2019,2,2019-02-01,0.0,914.0
PA,2019,3,2019-03-01,0.0,855.0
PA,2019,4,2019-04-01,0.0,351.0
PA,2019,5,2019-05-01,53.0,147.0
PA,2019,6,2019-06-01,135.0,55.0
PA,2019,7,2019-07-01,340.0,3.0
PA,2019,8,2019-08-01,233.0,24.0
PA,2019,9,2019-09-01,99.0,61.0
PA,2019,10,2019-10-01,20.0,292.0
PA,2019,11,2019-11-01,0.0,786.0
PA,2019,12,2019-12-01,0.0,933.0
PA,2020,1,2020-01-01,0.0,941.0
PA,2020,2,2020-02-01,0.0,852.0
PA,2020,3,2020-03-01,0.0,627.0
PA,2020,4,2020-04-01,0.0,509.0
PA,2020,5,2020-05-01,35.0,265.0
PA,2020,6,2020-06-01,164.0,41.0
PA,2020,7,2020-07-01,386.0,0.0
PA,2020,8,2020-08-01,275.0,8.0
PA,2020,9,2020-09-01,71.0,124.0
PA,2020,10,2020-10-01,1.0,333.0
PA,2020,11,2020-11-01,0.0,527.0
PA,2020,12,2020-12-01,0.0,947.0
PA,2021,1,2021-01-01,0.0,1032.0
PA,2021,2,2021-02-01,0.0,1006.0
PA,2021,3,2021-03-01,0.0,693.0
PA,2021,4,2021-04-01,2.0,417.0
PA,2021,5,2021-05-01,47.0,238.0
PA,2021,6,2021-06-01,198.0,45.0
PA,2021,7,2021-07-01,288.0,11.0
PA,2021,8,2021-08-01,310.0,9.0
PA,2021,9,2021-09-01,83.0,81.0
PA,2021,10,2021-10-01,16.0,215.0
PA,2021,11,2021-11-01,0.0,718.0
PA,2021,12,2021-12-01,0.0,791.0
PA,2022,1,2022-01-01,0.0,1239.0
PA,2022,2,2022-02-01,0.0,919.0
PA,2022,3,2022-03-01,0.0,723.0
PA,2022,4,2022-04-01,1.0,485.0
PA,2022,5,2022-05-01,56.0,158.0
PA,2022,6,2022-06-01,121.0,54.0
PA,2022,7,2022-07-01,289.0,3.0
PA,2022,8,2022-08-01,264.0,11.0
PA,2022,9,2022-09-01,70.0,119.0
PA,2022,10,2022-10-01,0.0,436.0
PA,2022,11,2022-11-01,0.0,632.0
PA,2022,12,2022-12-01,0.0,1020.0
PA,2023,1,2023-01-01,0.0,860.0
PA,2023,2,2023-02-01,0.0,782.0
PA,2023,3,2023-03-01,0.0,794.0
PA,2023,4,2023-04-01,3.0,373.0
PA,2023,5,2023-05-01,4.0,248.0
PA,2023,6,2023-06-01,70.0,88.0
PA,2023,7,2023-07-01,290.0,3.0
PA,2023,8,2023-08-01,179.0,20.0
PA,2023,9,2023-09-01,98.0,114.0
PA,2023,10,2023-10-01,9.0,324.0
PA,2023,11,2023-11-01,0.0,722.0
PA,2023,12,2023-12-01,0.0,812.0
PA,2024,1,2024-01-01,0.0,1039.0
PA,2024,2,2024-02-01,0.0,843.0
PA,2024,3,2024-03-01,0.0,659.0
PA,2024,4,2024-04-01,6.0,391.0
PA,2024,5,2024-05-01,59.0,137.0
PA,2024,6,2024-06-01,200.0,37.0
PA,2024,7,2024-07-01,323.0,7.0
PA,2024,8,2024-08-01,206.0,32.0
PA,2024,9,2024-09-01,49.0,92.0
PA,2024,10,2024-10-01,0.0,330.0
PA,2024,11,2024-11-01,0.0,590.0
PA,2024,12,2024-12-01,0.0,1001.0
PA,2025,1,2025-01-01,0.0,1280.0
PA,2025,2,2025-02-01,0.0,975.0
PA,2025,3,2025-03-01,0.0,645.0
PA,2025,4,2025-04-01,0.0,416.0
PA,2025,5,2025-05-01,12.0,203.0
PA,2025,6,2025-06-01,200.0,48.0
PA,2025,7,2025-07-01,357.0,2.0
PA,2025,8,2025-08-01,154.0,51.0
PA,2025,9,2025-09-01,57.0,78.0
PA,2025,10,2025-10-01,0.0,372.0
PA,2025,11,2025-11-01,0.0,696.0
PA,2025,12,2025-12-01,0.0,1111.0
PA,2026,1,2026-01-01,0.0,1274.0
PA,2026,2,2026-02-01,0.0,1040.0
PA,2026,3,2026-03-01,0.0,661.0
PA,2026,4,2026-04-01,20.0,351.0
SC,2015,1,2015-01-01,0.0,658.0
SC,2015,2,2015-02-01,0.0,680.0
SC,2015,3,2015-03-01,4.0,293.0
SC,2015,4,2015-04-01,63.0,109.0
SC,2015,5,2015-05-01,237.0,28.0
SC,2015,6,2015-06-01,458.0,0.0
SC,2015,7,2015-07-01,531.0,0.0
SC,2015,8,2015-08-01,450.0,0.0
SC,2015,9,2015-09-01,294.0,13.0
SC,2015,10,2015-10-01,26.0,137.0
SC,2015,11,2015-11-01,14.0,252.0
SC,2015,12,2015-12-01,32.0,259.0
SC,2016,1,2016-01-01,0.0,683.0
SC,2016,2,2016-02-01,0.0,520.0
SC,2016,3,2016-03-01,32.0,223.0
SC,2016,4,2016-04-01,58.0,147.0
SC,2016,5,2016-05-01,196.0,42.0
SC,2016,6,2016-06-01,439.0,0.0
SC,2016,7,2016-07-01,579.0,0.0
SC,2016,8,2016-08-01,533.0,0.0
SC,2016,9,2016-09-01,401.0,0.0
SC,2016,10,2016-10-01,135.0,60.0
SC,2016,11,2016-11-01,11.0,312.0
SC,2016,12,2016-12-01,0.0,511.0
SC,2017,1,2017-01-01,1.0,438.0
SC,2017,2,2017-02-01,0.0,297.0
SC,2017,3,2017-03-01,19.0,347.0
SC,2017,4,2017-04-01,99.0,85.0
SC,2017,5,2017-05-01,226.0,36.0
SC,2017,6,2017-06-01,355.0,2.0
SC,2017,7,2017-07-01,498.0,0.0
SC,2017,8,2017-08-01,437.0,0.0
SC,2017,9,2017-09-01,285.0,15.0
SC,2017,10,2017-10-01,123.0,125.0
SC,2017,11,2017-11-01,8.0,355.0
SC,2017,12,2017-12-01,0.0,551.0
SC,2018,1,2018-01-01,0.0,764.0
SC,2018,2,2018-02-01,18.0,272.0
SC,2018,3,2018-03-01,0.0,398.0
SC,2018,4,2018-04-01,8.0,193.0
SC,2018,5,2018-05-01,286.0,8.0
SC,2018,6,2018-06-01,443.0,0.0
SC,2018,7,2018-07-01,458.0,0.0
SC,2018,8,2018-08-01,457.0,0.0
SC,2018,9,2018-09-01,424.0,0.0
SC,2018,10,2018-10-01,159.0,126.0
SC,2018,11,2018-11-01,3.0,419.0
SC,2018,12,2018-12-01,0.0,520.0
SC,2019,1,2019-01-01,0.0,575.0
SC,2019,2,2019-02-01,2.0,359.0
SC,2019,3,2019-03-01,0.0,365.0
SC,2019,4,2019-04-01,72.0,135.0
SC,2019,5,2019-05-01,330.0,12.0
SC,2019,6,2019-06-01,358.0,3.0
SC,2019,7,2019-07-01,501.0,0.0
SC,2019,8,2019-08-01,466.0,0.0
SC,2019,9,2019-09-01,398.0,2.0
SC,2019,10,2019-10-01,148.0,70.0
SC,2019,11,2019-11-01,0.0,429.0
SC,2019,12,2019-12-01,0.0,470.0
SC,2020,1,2020-01-01,0.0,491.0
SC,2020,2,2020-02-01,0.0,442.0
SC,2020,3,2020-03-01,43.0,229.0
SC,2020,4,2020-04-01,32.0,157.0
SC,2020,5,2020-05-01,174.0,78.0
SC,2020,6,2020-06-01,348.0,10.0
SC,2020,7,2020-07-01,522.0,0.0
SC,2020,8,2020-08-01,464.0,0.0
SC,2020,9,2020-09-01,274.0,33.0
SC,2020,10,2020-10-01,100.0,74.0
SC,2020,11,2020-11-01,37.0,232.0
SC,2020,12,2020-12-01,0.0,615.0
SC,2021,1,2021-01-01,0.0,610.0
SC,2021,2,2021-02-01,0.0,518.0
SC,2021,3,2021-03-01,19.0,284.0
SC,2021,4,2021-04-01,38.0,174.0
SC,2021,5,2021-05-01,190.0,63.0
SC,2021,6,2021-06-01,357.0,2.0
SC,2021,7,2021-07-01,449.0,0.0
SC,2021,8,2021-08-01,468.0,0.0
SC,2021,9,2021-09-01,265.0,12.0
SC,2021,10,2021-10-01,116.0,93.0
SC,2021,11,2021-11-01,0.0,408.0
SC,2021,12,2021-12-01,3.0,350.0
SC,2022,1,2022-01-01,7.0,670.0
SC,2022,2,2022-02-01,4.0,404.0
SC,2022,3,2022-03-01,5.0,265.0
SC,2022,4,2022-04-01,39.0,149.0
SC,2022,5,2022-05-01,275.0,22.0
SC,2022,6,2022-06-01,421.0,0.0
SC,2022,7,2022-07-01,516.0,0.0
SC,2022,8,2022-08-01,439.0,0.0
SC,2022,9,2022-09-01,282.0,25.0
SC,2022,10,2022-10-01,12.0,181.0
SC,2022,11,2022-11-01,27.0,301.0
SC,2022,12,2022-12-01,0.0,605.0
SC,2023,1,2023-01-01,0.0,475.0
SC,2023,2,2023-02-01,16.0,293.0
SC,2023,3,2023-03-01,14.0,304.0
SC,2023,4,2023-04-01,50.0,139.0
SC,2023,5,2023-05-01,147.0,71.0
SC,2023,6,2023-06-01,289.0,4.0
SC,2023,7,2023-07-01,507.0,0.0
SC,2023,8,2023-08-01,486.0,0.0
SC,2023,9,2023-09-01,267.0,8.0
SC,2023,10,2023-10-01,53.0,128.0
SC,2023,11,2023-11-01,3.0,356.0
SC,2023,12,2023-12-01,0.0,505.0
SC,2024,1,2024-01-01,4.0,627.0
SC,2024,2,2024-02-01,0.0,445.0
SC,2024,3,2024-03-01,1.0,256.0
SC,2024,4,2024-04-01,65.0,126.0
SC,2024,5,2024-05-01,252.0,13.0
SC,2024,6,2024-06-01,416.0,3.0
SC,2024,7,2024-07-01,522.0,0.0
SC,2024,8,2024-08-01,432.0,0.0
SC,2024,9,2024-09-01,292.0,4.0
SC,2024,10,2024-10-01,73.0,124.0
SC,2024,11,2024-11-01,27.0,251.0
SC,2024,12,2024-12-01,0.0,574.0
SC,2025,1,2025-01-01,0.0,798.0
SC,2025,2,2025-02-01,2.0,412.0
SC,2025,3,2025-03-01,4.0,284.0
SC,2025,4,2025-04-01,102.0,92.0
SC,2025,5,2025-05-01,214.0,32.0
SC,2025,6,2025-06-01,430.0,0.0
SC,2025,7,2025-07-01,558.0,0.0
SC,2025,8,2025-08-01,364.0,0.0
SC,2025,9,2025-09-01,255.0,7.0
SC,2025,10,2025-10-01,53.0,154.0
SC,2025,11,2025-11-01,6.0,328.0
SC,2025,12,2025-12-01,0.0,579.0
SC,2026,1,2026-01-01,1.0,688.0
SC,2026,2,2026-02-01,4.0,527.0
SC,2026,3,2026-03-01,49.0,220.0
SC,2026,4,2026-04-01,91.0,89.0
TN,2015,1,2015-01-01,0.0,893.0
TN,2015,2,2015-02-01,0.0,955.0
TN,2015,3,2015-03-01,0.0,507.0
TN,2015,4,2015-04-01,13.0,203.0
TN,2015,5,2015-05-01,157.0,65.0
TN,2015,6,2015-06-01,337.0,9.0
TN,2015,7,2015-07-01,409.0,0.0
TN,2015,8,2015-08-01,291.0,7.0
TN,2015,9,2015-09-01,206.0,40.0
TN,2015,10,2015-10-01,18.0,215.0
TN,2015,11,2015-11-01,4.0,374.0
TN,2015,12,2015-12-01,2.0,453.0
TN,2016,1,2016-01-01,0.0,929.0
TN,2016,2,2016-02-01,0.0,671.0
TN,2016,3,2016-03-01,0.0,379.0
TN,2016,4,2016-04-01,18.0,221.0
TN,2016,5,2016-05-01,119.0,112.0
TN,2016,6,2016-06-01,338.0,4.0
TN,2016,7,2016-07-01,444.0,0.0
TN,2016,8,2016-08-01,427.0,0.0
TN,2016,9,2016-09-01,300.0,13.0
TN,2016,10,2016-10-01,69.0,104.0
TN,2016,11,2016-11-01,6.0,409.0
TN,2016,12,2016-12-01,0.0,749.0
TN,2017,1,2017-01-01,0.0,625.0
TN,2017,2,2017-02-01,0.0,475.0
TN,2017,3,2017-03-01,0.0,462.0
TN,2017,4,2017-04-01,44.0,143.0
TN,2017,5,2017-05-01,136.0,93.0
TN,2017,6,2017-06-01,243.0,16.0
TN,2017,7,2017-07-01,401.0,0.0
TN,2017,8,2017-08-01,292.0,4.0
TN,2017,9,2017-09-01,175.0,54.0
TN,2017,10,2017-10-01,55.0,224.0
TN,2017,11,2017-11-01,4.0,467.0
TN,2017,12,2017-12-01,0.0,799.0
TN,2018,1,2018-01-01,0.0,985.0
TN,2018,2,2018-02-01,0.0,470.0
TN,2018,3,2018-03-01,0.0,547.0
TN,2018,4,2018-04-01,0.0,383.0
TN,2018,5,2018-05-01,206.0,31.0
TN,2018,6,2018-06-01,346.0,2.0
TN,2018,7,2018-07-01,389.0,0.0
TN,2018,8,2018-08-01,355.0,2.0
TN,2018,9,2018-09-01,305.0,10.0
TN,2018,10,2018-10-01,99.0,234.0
TN,2018,11,2018-11-01,0.0,623.0
TN,2018,12,2018-12-01,0.0,690.0
TN,2019,1,2019-01-01,0.0,805.0
TN,2019,2,2019-02-01,1.0,528.0
TN,2019,3,2019-03-01,0.0,579.0
TN,2019,4,2019-04-01,8.0,220.0
TN,2019,5,2019-05-01,197.0,54.0
TN,2019,6,2019-06-01,258.0,15.0
TN,2019,7,2019-07-01,384.0,2.0
TN,2019,8,2019-08-01,359.0,1.0
TN,2019,9,2019-09-01,330.0,2.0
TN,2019,10,2019-10-01,67.0,199.0
TN,2019,11,2019-11-01,0.0,622.0
TN,2019,12,2019-12-01,0.0,621.0
TN,2020,1,2020-01-01,0.0,693.0
TN,2020,2,2020-02-01,0.0,644.0
TN,2020,3,2020-03-01,8.0,355.0
TN,2020,4,2020-04-01,4.0,307.0
TN,2020,5,2020-05-01,117.0,144.0
TN,2020,6,2020-06-01,271.0,12.0
TN,2020,7,2020-07-01,441.0,0.0
TN,2020,8,2020-08-01,347.0,0.0
TN,2020,9,2020-09-01,193.0,55.0
TN,2020,10,2020-10-01,21.0,206.0
TN,2020,11,2020-11-01,1.0,412.0
TN,2020,12,2020-12-01,0.0,790.0
TN,2021,1,2021-01-01,0.0,798.0
TN,2021,2,2021-02-01,0.0,788.0
TN,2021,3,2021-03-01,0.0,378.0
TN,2021,4,2021-04-01,7.0,298.0
TN,2021,5,2021-05-01,101.0,125.0
TN,2021,6,2021-06-01,277.0,9.0
TN,2021,7,2021-07-01,370.0,1.0
TN,2021,8,2021-08-01,373.0,0.0
TN,2021,9,2021-09-01,173.0,39.0
TN,2021,10,2021-10-01,74.0,158.0
TN,2021,11,2021-11-01,0.0,585.0
TN,2021,12,2021-12-01,0.0,450.0
TN,2022,1,2022-01-01,0.0,926.0
TN,2022,2,2022-02-01,0.0,670.0
TN,2022,3,2022-03-01,1.0,435.0
TN,2022,4,2022-04-01,23.0,279.0
TN,2022,5,2022-05-01,173.0,52.0
TN,2022,6,2022-06-01,319.0,6.0
TN,2022,7,2022-07-01,454.0,0.0
TN,2022,8,2022-08-01,356.0,0.0
TN,2022,9,2022-09-01,184.0,56.0
TN,2022,10,2022-10-01,0.0,285.0
TN,2022,11,2022-11-01,1.0,506.0
TN,2022,12,2022-12-01,0.0,760.0
TN,2023,1,2023-01-01,0.0,647.0
TN,2023,2,2023-02-01,3.0,485.0
TN,2023,3,2023-03-01,0.0,480.0
TN,2023,4,2023-04-01,11.0,244.0
TN,2023,5,2023-05-01,132.0,100.0
TN,2023,6,2023-06-01,227.0,14.0
TN,2023,7,2023-07-01,383.0,0.0
TN,2023,8,2023-08-01,343.0,2.0
TN,2023,9,2023-09-01,196.0,24.0
TN,2023,10,2023-10-01,34.0,201.0
TN,2023,11,2023-11-01,0.0,470.0
TN,2023,12,2023-12-01,0.0,654.0
TN,2024,1,2024-01-01,0.0,945.0
TN,2024,2,2024-02-01,0.0,524.0
TN,2024,3,2024-03-01,0.0,392.0
TN,2024,4,2024-04-01,40.0,204.0
TN,2024,5,2024-05-01,171.0,41.0
TN,2024,6,2024-06-01,328.0,9.0
TN,2024,7,2024-07-01,403.0,0.0
TN,2024,8,2024-08-01,365.0,4.0
TN,2024,9,2024-09-01,209.0,28.0
TN,2024,10,2024-10-01,35.0,178.0
TN,2024,11,2024-11-01,8.0,363.0
TN,2024,12,2024-12-01,0.0,703.0
TN,2025,1,2025-01-01,0.0,1019.0
TN,2025,2,2025-02-01,0.0,633.0
TN,2025,3,2025-03-01,1.0,403.0
TN,2025,4,2025-04-01,52.0,183.0
TN,2025,5,2025-05-01,115.0,96.0
TN,2025,6,2025-06-01,330.0,3.0
TN,2025,7,2025-07-01,468.0,0.0
TN,2025,8,2025-08-01,329.0,11.0
TN,2025,9,2025-09-01,207.0,18.0
TN,2025,10,2025-10-01,38.0,204.0
TN,2025,11,2025-11-01,0.0,445.0
TN,2025,12,2025-12-01,0.0,751.0
TN,2026,1,2026-01-01,0.0,913.0
TN,2026,2,2026-02-01,0.0,634.0
TN,2026,3,2026-03-01,19.0,282.0
TN,2026,4,2026-04-01,59.0,120.0
TX,2015,1,2015-01-01,2.0,577.0
TX,2015,2,2015-02-01,8.0,435.0
TX,2015,3,2015-03-01,53.0,255.0
TX,2015,4,2015-04-01,167.0,49.0
TX,2015,5,2015-05-01,281.0,9.0
TX,2015,6,2015-06-01,471.0,0.0
TX,2015,7,2015-07-01,591.0,0.0
TX,2015,8,2015-08-01,599.0,0.0
TX,2015,9,2015-09-01,448.0,0.0
TX,2015,10,2015-10-01,227.0,29.0
TX,2015,11,2015-11-01,66.0,192.0
TX,2015,12,2015-12-01,29.0,321.0
TX,2016,1,2016-01-01,4.0,486.0
TX,2016,2,2016-02-01,29.0,268.0
TX,2016,3,2016-03-01,84.0,138.0
TX,2016,4,2016-04-01,150.0,65.0
TX,2016,5,2016-05-01,277.0,20.0
TX,2016,6,2016-06-01,490.0,0.0
TX,2016,7,2016-07-01,638.0,0.0
TX,2016,8,2016-08-01,563.0,0.0
TX,2016,9,2016-09-01,462.0,0.0
TX,2016,10,2016-10-01,288.0,13.0
TX,2016,11,2016-11-01,99.0,123.0
TX,2016,12,2016-12-01,28.0,377.0
TX,2017,1,2017-01-01,25.0,345.0
TX,2017,2,2017-02-01,74.0,163.0
TX,2017,3,2017-03-01,125.0,105.0
TX,2017,4,2017-04-01,175.0,45.0
TX,2017,5,2017-05-01,284.0,14.0
TX,2017,6,2017-06-01,479.0,0.0
TX,2017,7,2017-07-01,600.0,0.0
TX,2017,8,2017-08-01,533.0,0.0
TX,2017,9,2017-09-01,389.0,0.0
TX,2017,10,2017-10-01,206.0,84.0
TX,2017,11,2017-11-01,100.0,142.0
TX,2017,12,2017-12-01,18.0,448.0
TX,2018,1,2018-01-01,2.0,562.0
TX,2018,2,2018-02-01,25.0,316.0
TX,2018,3,2018-03-01,75.0,127.0
TX,2018,4,2018-04-01,63.0,127.0
TX,2018,5,2018-05-01,327.0,13.0
TX,2018,6,2018-06-01,572.0,0.0
TX,2018,7,2018-07-01,629.0,0.0
TX,2018,8,2018-08-01,596.0,0.0
TX,2018,9,2018-09-01,399.0,1.0
TX,2018,10,2018-10-01,192.0,85.0
TX,2018,11,2018-11-01,34.0,321.0
TX,2018,12,2018-12-01,7.0,409.0
TX,2019,1,2019-01-01,3.0,467.0
TX,2019,2,2019-02-01,29.0,308.0
TX,2019,3,2019-03-01,58.0,269.0
TX,2019,4,2019-04-01,139.0,76.0
TX,2019,5,2019-05-01,323.0,12.0
TX,2019,6,2019-06-01,463.0,0.0
TX,2019,7,2019-07-01,575.0,0.0
TX,2019,8,2019-08-01,655.0,0.0
TX,2019,9,2019-09-01,541.0,0.0
TX,2019,10,2019-10-01,209.0,104.0
TX,2019,11,2019-11-01,39.0,286.0
TX,2019,12,2019-12-01,12.0,358.0
TX,2020,1,2020-01-01,18.0,339.0
TX,2020,2,2020-02-01,16.0,365.0
TX,2020,3,2020-03-01,137.0,94.0
TX,2020,4,2020-04-01,156.0,85.0
TX,2020,5,2020-05-01,329.0,6.0
TX,2020,6,2020-06-01,479.0,0.0
TX,2020,7,2020-07-01,622.0,0.0
TX,2020,8,2020-08-01,618.0,0.0
TX,2020,9,2020-09-01,345.0,7.0
TX,2020,10,2020-10-01,194.0,91.0
TX,2020,11,2020-11-01,84.0,139.0
TX,2020,12,2020-12-01,6.0,407.0
TX,2021,1,2021-01-01,6.0,441.0
TX,2021,2,2021-02-01,14.0,520.0
TX,2021,3,2021-03-01,70.0,164.0
TX,2021,4,2021-04-01,125.0,94.0
TX,2021,5,2021-05-01,268.0,13.0
TX,2021,6,2021-06-01,477.0,0.0
TX,2021,7,2021-07-01,524.0,0.0
TX,2021,8,2021-08-01,568.0,0.0
TX,2021,9,2021-09-01,427.0,1.0
TX,2021,10,2021-10-01,252.0,31.0
TX,2021,11,2021-11-01,41.0,205.0
TX,2021,12,2021-12-01,97.0,158.0
TX,2022,1,2022-01-01,7.0,494.0
TX,2022,2,2022-02-01,12.0,469.0
TX,2022,3,2022-03-01,55.0,235.0
TX,2022,4,2022-04-01,211.0,43.0
TX,2022,5,2022-05-01,432.0,1.0
TX,2022,6,2022-06-01,570.0,0.0
TX,2022,7,2022-07-01,684.0,0.0
TX,2022,8,2022-08-01,591.0,0.0
TX,2022,9,2022-09-01,414.0,1.0
TX,2022,10,2022-10-01,158.0,65.0
TX,2022,11,2022-11-01,53.0,317.0
TX,2022,12,2022-12-01,35.0,423.0
TX,2023,1,2023-01-01,21.0,374.0
TX,2023,2,2023-02-01,33.0,326.0
TX,2023,3,2023-03-01,85.0,172.0
TX,2023,4,2023-04-01,121.0,95.0
TX,2023,5,2023-05-01,297.0,3.0
TX,2023,6,2023-06-01,537.0,0.0
TX,2023,7,2023-07-01,668.0,0.0
TX,2023,8,2023-08-01,708.0,0.0
TX,2023,9,2023-09-01,523.0,0.0
TX,2023,10,2023-10-01,204.0,73.0
TX,2023,11,2023-11-01,41.0,256.0
TX,2023,12,2023-12-01,9.0,366.0
TX,2024,1,2024-01-01,0.0,590.0
TX,2024,2,2024-02-01,30.0,249.0
TX,2024,3,2024-03-01,71.0,157.0
TX,2024,4,2024-04-01,180.0,51.0
TX,2024,5,2024-05-01,396.0,0.0
TX,2024,6,2024-06-01,544.0,0.0
TX,2024,7,2024-07-01,555.0,0.0
TX,2024,8,2024-08-01,642.0,0.0
TX,2024,9,2024-09-01,411.0,0.0
TX,2024,10,2024-10-01,288.0,15.0
TX,2024,11,2024-11-01,94.0,143.0
TX,2024,12,2024-12-01,29.0,287.0
TX,2025,1,2025-01-01,3.0,611.0
TX,2025,2,2025-02-01,35.0,361.0
TX,2025,3,2025-03-01,98.0,120.0
TX,2025,4,2025-04-01,202.0,43.0
TX,2025,5,2025-05-01,340.0,10.0
TX,2025,6,2025-06-01,498.0,0.0
TX,2025,7,2025-07-01,555.0,0.0
TX,2025,8,2025-08-01,578.0,0.0
TX,2025,9,2025-09-01,427.0,0.0
TX,2025,10,2025-10-01,277.0,26.0
TX,2025,11,2025-11-01,102.0,136.0
TX,2025,12,2025-12-01,46.0,342.0
TX,2026,1,2026-01-01,15.0,506.0
TX,2026,2,2026-02-01,50.0,200.0
TX,2026,3,2026-03-01,157.0,87.0
TX,2026,4,2026-04-01,218.0,46.0
VA,2015,1,2015-01-01,0.0,968.0
VA,2015,2,2015-02-01,0.0,1017.0
VA,2015,3,2015-03-01,0.0,661.0
VA,2015,4,2015-04-01,4.0,271.0
VA,2015,5,2015-05-01,173.0,46.0
VA,2015,6,2015-06-01,302.0,9.0
VA,2015,7,2015-07-01,349.0,0.0
VA,2015,8,2015-08-01,289.0,0.0
VA,2015,9,2015-09-01,209.0,7.0
VA,2015,10,2015-10-01,3.0,266.0
VA,2015,11,2015-11-01,2.0,408.0
VA,2015,12,2015-12-01,0.0,464.0
VA,2016,1,2016-01-01,0.0,978.0
VA,2016,2,2016-02-01,0.0,763.0
VA,2016,3,2016-03-01,0.0,409.0
VA,2016,4,2016-04-01,7.0,289.0
VA,2016,5,2016-05-01,87.0,137.0
VA,2016,6,2016-06-01,252.0,0.0
VA,2016,7,2016-07-01,420.0,0.0
VA,2016,8,2016-08-01,436.0,0.0
VA,2016,9,2016-09-01,290.0,0.0
VA,2016,10,2016-10-01,55.0,114.0
VA,2016,11,2016-11-01,1.0,483.0
VA,2016,12,2016-12-01,0.0,785.0
VA,2017,1,2017-01-01,0.0,755.0
VA,2017,2,2017-02-01,0.0,520.0
VA,2017,3,2017-03-01,0.0,601.0
VA,2017,4,2017-04-01,50.0,156.0
VA,2017,5,2017-05-01,107.0,110.0
VA,2017,6,2017-06-01,255.0,7.0
VA,2017,7,2017-07-01,406.0,0.0
VA,2017,8,2017-08-01,283.0,0.0
VA,2017,9,2017-09-01,160.0,34.0
VA,2017,10,2017-10-01,62.0,172.0
VA,2017,11,2017-11-01,0.0,545.0
VA,2017,12,2017-12-01,0.0,849.0
VA,2018,1,2018-01-01,0.0,985.0
VA,2018,2,2018-02-01,0.0,547.0
VA,2018,3,2018-03-01,0.0,734.0
VA,2018,4,2018-04-01,1.0,372.0
VA,2018,5,2018-05-01,221.0,0.0
VA,2018,6,2018-06-01,281.0,0.0
VA,2018,7,2018-07-01,340.0,0.0
VA,2018,8,2018-08-01,369.0,0.0
VA,2018,9,2018-09-01,272.0,1.0
VA,2018,10,2018-10-01,94.0,250.0
VA,2018,11,2018-11-01,0.0,619.0
VA,2018,12,2018-12-01,0.0,754.0
VA,2019,1,2019-01-01,0.0,878.0
VA,2019,2,2019-02-01,0.0,652.0
VA,2019,3,2019-03-01,0.0,642.0
VA,2019,4,2019-04-01,13.0,188.0
VA,2019,5,2019-05-01,200.0,34.0
VA,2019,6,2019-06-01,245.0,3.0
VA,2019,7,2019-07-01,418.0,0.0
VA,2019,8,2019-08-01,347.0,0.0
VA,2019,9,2019-09-01,260.0,5.0
VA,2019,10,2019-10-01,63.0,172.0
VA,2019,11,2019-11-01,0.0,634.0
VA,2019,12,2019-12-01,0.0,721.0
VA,2020,1,2020-01-01,0.0,738.0
VA,2020,2,2020-02-01,0.0,638.0
VA,2020,3,2020-03-01,2.0,416.0
VA,2020,4,2020-04-01,0.0,339.0
VA,2020,5,2020-05-01,87.0,175.0
VA,2020,6,2020-06-01,255.0,8.0
VA,2020,7,2020-07-01,459.0,0.0
VA,2020,8,2020-08-01,355.0,0.0
VA,2020,9,2020-09-01,155.0,68.0
VA,2020,10,2020-10-01,6.0,172.0
VA,2020,11,2020-11-01,0.0,379.0
VA,2020,12,2020-12-01,0.0,791.0
VA,2021,1,2021-01-01,0.0,870.0
VA,2021,2,2021-02-01,0.0,794.0
VA,2021,3,2021-03-01,4.0,505.0
VA,2021,4,2021-04-01,17.0,288.0
VA,2021,5,2021-05-01,99.0,143.0
VA,2021,6,2021-06-01,273.0,3.0
VA,2021,7,2021-07-01,378.0,0.0
VA,2021,8,2021-08-01,379.0,0.0
VA,2021,9,2021-09-01,186.0,14.0
VA,2021,10,2021-10-01,47.0,105.0
VA,2021,11,2021-11-01,0.0,587.0
VA,2021,12,2021-12-01,0.0,587.0
VA,2022,1,2022-01-01,0.0,991.0
VA,2022,2,2022-02-01,0.0,667.0
VA,2022,3,2022-03-01,1.0,498.0
VA,2022,4,2022-04-01,15.0,309.0
VA,2022,5,2022-05-01,133.0,79.0
VA,2022,6,2022-06-01,247.0,0.0
VA,2022,7,2022-07-01,377.0,0.0
VA,2022,8,2022-08-01,336.0,0.0
VA,2022,9,2022-09-01,168.0,44.0
VA,2022,10,2022-10-01,0.0,323.0
VA,2022,11,2022-11-01,8.0,480.0
VA,2022,12,2022-12-01,0.0,868.0
VA,2023,1,2023-01-01,0.0,704.0
VA,2023,2,2023-02-01,0.0,550.0
VA,2023,3,2023-03-01,0.0,573.0
VA,2023,4,2023-04-01,23.0,224.0
VA,2023,5,2023-05-01,63.0,119.0
VA,2023,6,2023-06-01,159.0,8.0
VA,2023,7,2023-07-01,389.0,0.0
VA,2023,8,2023-08-01,313.0,0.0
VA,2023,9,2023-09-01,183.0,27.0
VA,2023,10,2023-10-01,25.0,203.0
VA,2023,11,2023-11-01,0.0,568.0
VA,2023,12,2023-12-01,0.0,701.0
VA,2024,1,2024-01-01,0.0,873.0
VA,2024,2,2024-02-01,0.0,669.0
VA,2024,3,2024-03-01,0.0,482.0
VA,2024,4,2024-04-01,18.0,226.0
VA,2024,5,2024-05-01,135.0,48.0
VA,2024,6,2024-06-01,305.0,1.0
VA,2024,7,2024-07-01,409.0,0.0
VA,2024,8,2024-08-01,321.0,3.0
VA,2024,9,2024-09-01,153.0,10.0
VA,2024,10,2024-10-01,17.0,209.0
VA,2024,11,2024-11-01,8.0,431.0
VA,2024,12,2024-12-01,0.0,816.0
VA,2025,1,2025-01-01,0.0,1074.0
VA,2025,2,2025-02-01,0.0,730.0
VA,2025,3,2025-03-01,8.0,467.0
VA,2025,4,2025-04-01,33.0,219.0
VA,2025,5,2025-05-01,101.0,68.0
VA,2025,6,2025-06-01,319.0,10.0
VA,2025,7,2025-07-01,444.0,0.0
VA,2025,8,2025-08-01,229.0,1.0
VA,2025,9,2025-09-01,152.0,13.0
VA,2025,10,2025-10-01,10.0,245.0
VA,2025,11,2025-11-01,0.0,528.0
VA,2025,12,2025-12-01,0.0,884.0
VA,2026,1,2026-01-01,0.0,1009.0
VA,2026,2,2026-02-01,0.0,809.0
VA,2026,3,2026-03-01,2.0,412.0
VA,2026,4,2026-04-01,56.0,185.0
WV,2015,1,2015-01-01,0.0,1105.0
WV,2015,2,2015-02-01,0.0,1176.0
WV,2015,3,2015-03-01,0.0,760.0
WV,2015,4,2015-04-01,0.0,348.0
WV,2015,5,2015-05-01,124.0,83.0
WV,2015,6,2015-06-01,223.0,7.0
WV,2015,7,2015-07-01,260.0,0.0
WV,2015,8,2015-08-01,209.0,3.0
WV,2015,9,2015-09-01,156.0,31.0
WV,2015,10,2015-10-01,0.0,326.0
WV,2015,11,2015-11-01,0.0,491.0
WV,2015,12,2015-12-01,0.0,571.0
WV,2016,1,2016-01-01,0.0,1139.0
WV,2016,2,2016-02-01,0.0,876.0
WV,2016,3,2016-03-01,0.0,504.0
WV,2016,4,2016-04-01,0.0,336.0
WV,2016,5,2016-05-01,68.0,180.0
WV,2016,6,2016-06-01,200.0,9.0
WV,2016,7,2016-07-01,311.0,0.0
WV,2016,8,2016-08-01,350.0,0.0
WV,2016,9,2016-09-01,203.0,10.0
WV,2016,10,2016-10-01,16.0,197.0
WV,2016,11,2016-11-01,0.0,567.0
WV,2016,12,2016-12-01,0.0,898.0
WV,2017,1,2017-01-01,0.0,837.0
WV,2017,2,2017-02-01,0.0,633.0
WV,2017,3,2017-03-01,0.0,700.0
WV,2017,4,2017-04-01,18.0,212.0
WV,2017,5,2017-05-01,78.0,144.0
WV,2017,6,2017-06-01,171.0,18.0
WV,2017,7,2017-07-01,280.0,0.0
WV,2017,8,2017-08-01,201.0,1.0
WV,2017,9,2017-09-01,111.0,69.0
WV,2017,10,2017-10-01,37.0,249.0
WV,2017,11,2017-11-01,0.0,633.0
WV,2017,12,2017-12-01,0.0,986.0
WV,2018,1,2018-01-01,0.0,1143.0
WV,2018,2,2018-02-01,0.0,630.0
WV,2018,3,2018-03-01,0.0,831.0
WV,2018,4,2018-04-01,0.0,502.0
WV,2018,5,2018-05-01,176.0,18.0
WV,2018,6,2018-06-01,219.0,8.0
WV,2018,7,2018-07-01,277.0,0.0
WV,2018,8,2018-08-01,276.0,0.0
WV,2018,9,2018-09-01,223.0,10.0
WV,2018,10,2018-10-01,68.0,344.0
WV,2018,11,2018-11-01,0.0,744.0
WV,2018,12,2018-12-01,0.0,843.0
WV,2019,1,2019-01-01,0.0,1014.0
WV,2019,2,2019-02-01,0.0,727.0
WV,2019,3,2019-03-01,0.0,772.0
WV,2019,4,2019-04-01,2.0,275.0
WV,2019,5,2019-05-01,133.0,63.0
WV,2019,6,2019-06-01,162.0,25.0
WV,2019,7,2019-07-01,328.0,0.0
WV,2019,8,2019-08-01,257.0,0.0
WV,2019,9,2019-09-01,207.0,1.0
WV,2019,10,2019-10-01,39.0,238.0
WV,2019,11,2019-11-01,0.0,765.0
WV,2019,12,2019-12-01,0.0,799.0
WV,2020,1,2020-01-01,0.0,850.0
WV,2020,2,2020-02-01,0.0,790.0
WV,2020,3,2020-03-01,4.0,529.0
WV,2020,4,2020-04-01,0.0,455.0
WV,2020,5,2020-05-01,75.0,241.0
WV,2020,6,2020-06-01,176.0,18.0
WV,2020,7,2020-07-01,372.0,0.0
WV,2020,8,2020-08-01,269.0,0.0
WV,2020,9,2020-09-01,114.0,89.0
WV,2020,10,2020-10-01,0.0,276.0
WV,2020,11,2020-11-01,0.0,506.0
WV,2020,12,2020-12-01,0.0,929.0
WV,2021,1,2021-01-01,0.0,991.0
WV,2021,2,2021-02-01,0.0,928.0
WV,2021,3,2021-03-01,0.0,586.0
WV,2021,4,2021-04-01,2.0,398.0
WV,2021,5,2021-05-01,68.0,210.0
WV,2021,6,2021-06-01,205.0,13.0
WV,2021,7,2021-07-01,264.0,0.0
WV,2021,8,2021-08-01,313.0,0.0
WV,2021,9,2021-09-01,125.0,45.0
WV,2021,10,2021-10-01,27.0,179.0
WV,2021,11,2021-11-01,0.0,701.0
WV,2021,12,2021-12-01,0.0,667.0
WV,2022,1,2022-01-01,0.0,1144.0
WV,2022,2,2022-02-01,0.0,805.0
WV,2022,3,2022-03-01,0.0,610.0
WV,2022,4,2022-04-01,11.0,415.0
WV,2022,5,2022-05-01,104.0,69.0
WV,2022,6,2022-06-01,197.0,10.0
WV,2022,7,2022-07-01,283.0,0.0
WV,2022,8,2022-08-01,259.0,0.0
WV,2022,9,2022-09-01,114.0,83.0
WV,2022,10,2022-10-01,0.0,417.0
WV,2022,11,2022-11-01,1.0,588.0
WV,2022,12,2022-12-01,0.0,940.0
WV,2023,1,2023-01-01,0.0,810.0
WV,2023,2,2023-02-01,0.0,651.0
WV,2023,3,2023-03-01,0.0,682.0
WV,2023,4,2023-04-01,2.0,310.0
WV,2023,5,2023-05-01,47.0,170.0
WV,2023,6,2023-06-01,114.0,34.0
WV,2023,7,2023-07-01,285.0,0.0
WV,2023,8,2023-08-01,213.0,0.0
WV,2023,9,2023-09-01,126.0,49.0
WV,2023,10,2023-10-01,9.0,283.0
WV,2023,11,2023-11-01,0.0,650.0
WV,2023,12,2023-12-01,0.0,775.0
WV,2024,1,2024-01-01,0.0,1016.0
WV,2024,2,2024-02-01,0.0,704.0
WV,2024,3,2024-03-01,0.0,565.0
WV,2024,4,2024-04-01,13.0,268.0
WV,2024,5,2024-05-01,112.0,59.0
WV,2024,6,2024-06-01,229.0,12.0
WV,2024,7,2024-07-01,322.0,0.0
WV,2024,8,2024-08-01,277.0,11.0
WV,2024,9,2024-09-01,135.0,24.0
WV,2024,10,2024-10-01,3.0,264.0
WV,2024,11,2024-11-01,0.0,505.0
WV,2024,12,2024-12-01,0.0,893.0
WV,2025,1,2025-01-01,0.0,1260.0
WV,2025,2,2025-02-01,0.0,828.0
WV,2025,3,2025-03-01,0.0,552.0
WV,2025,4,2025-04-01,13.0,292.0
WV,2025,5,2025-05-01,54.0,135.0
WV,2025,6,2025-06-01,265.0,17.0
WV,2025,7,2025-07-01,371.0,0.0
WV,2025,8,2025-08-01,225.0,17.0
WV,2025,9,2025-09-01,131.0,20.0
WV,2025,10,2025-10-01,5.0,307.0
WV,2025,11,2025-11-01,0.0,637.0
WV,2025,12,2025-12-01,0.0,953.0
WV,2026,1,2026-01-01,0.0,1153.0
WV,2026,2,2026-02-01,0.0,897.0
WV,2026,3,2026-03-01,1.0,461.0
WV,2026,4,2026-04-01,36.0,202.0
